{
    "saldo": 0.0,
    "saldo_inicial_dia": 109.70398709,
    "em_uso": 137.66635661,
    "data_referencia": "2025-12-04"
}